,reconstruction_error,run,iterations,k,noise
0,0.30758147883971265,0,14,1,Salt and Pepper p=0.1 r=0
1,0.30865996007365243,1,14,1,Salt and Pepper p=0.1 r=0
2,0.30814686998759877,2,14,1,Salt and Pepper p=0.1 r=0
3,0.3086850581268777,3,14,1,Salt and Pepper p=0.1 r=0
4,0.30962761616835394,4,14,1,Salt and Pepper p=0.1 r=0
5,0.29447718690598185,0,14,1,Salt and Pepper p=0.1 r=0.5
6,0.2961333165636282,1,14,1,Salt and Pepper p=0.1 r=0.5
7,0.29407751790667563,2,14,1,Salt and Pepper p=0.1 r=0.5
8,0.29530643289191644,3,14,1,Salt and Pepper p=0.1 r=0.5
9,0.2931098989648082,4,14,1,Salt and Pepper p=0.1 r=0.5
10,0.31685736825363114,0,14,1,Salt and Pepper p=0.1 r=1
11,0.31618740930236144,1,14,1,Salt and Pepper p=0.1 r=1
12,0.31720169868538767,2,14,1,Salt and Pepper p=0.1 r=1
13,0.3162800897519216,3,14,1,Salt and Pepper p=0.1 r=1
14,0.31672650423963455,4,14,1,Salt and Pepper p=0.1 r=1
15,0.41003268227506695,0,14,1,Salt and Pepper p=0.3 r=0
16,0.4099489977133874,1,14,1,Salt and Pepper p=0.3 r=0
17,0.41072406699968345,2,14,1,Salt and Pepper p=0.3 r=0
18,0.41090829830272574,3,14,1,Salt and Pepper p=0.3 r=0
19,0.410634046606164,4,14,1,Salt and Pepper p=0.3 r=0
20,0.30780375436232116,0,14,1,Salt and Pepper p=0.3 r=0.5
21,0.30827353920808714,1,14,1,Salt and Pepper p=0.3 r=0.5
22,0.30764454063754043,2,14,1,Salt and Pepper p=0.3 r=0.5
23,0.3081848898052207,3,14,1,Salt and Pepper p=0.3 r=0.5
24,0.3085385183140872,4,14,1,Salt and Pepper p=0.3 r=0.5
25,0.4635484684431516,0,14,1,Salt and Pepper p=0.3 r=1
26,0.462586585615462,1,14,1,Salt and Pepper p=0.3 r=1
27,0.463135046003985,2,14,1,Salt and Pepper p=0.3 r=1
28,0.46155618335618315,3,14,1,Salt and Pepper p=0.3 r=1
29,0.4624753936137634,4,14,1,Salt and Pepper p=0.3 r=1
30,0.5612537067278948,0,14,1,Salt and Pepper p=0.5 r=0
31,0.5615827274828289,1,14,1,Salt and Pepper p=0.5 r=0
32,0.5613939310791765,2,14,1,Salt and Pepper p=0.5 r=0
33,0.5610124811523055,3,14,1,Salt and Pepper p=0.5 r=0
34,0.561556098810442,4,14,1,Salt and Pepper p=0.5 r=0
35,0.32851354534883587,0,14,1,Salt and Pepper p=0.5 r=0.5
36,0.3335503212870885,1,14,1,Salt and Pepper p=0.5 r=0.5
37,0.3301276938932565,2,14,1,Salt and Pepper p=0.5 r=0.5
38,0.3311927335846731,3,14,1,Salt and Pepper p=0.5 r=0.5
39,0.3341532201370281,4,14,1,Salt and Pepper p=0.5 r=0.5
40,0.6637717530313472,0,14,1,Salt and Pepper p=0.5 r=1
41,0.6638955310775003,1,14,1,Salt and Pepper p=0.5 r=1
42,0.6624780482009466,2,14,1,Salt and Pepper p=0.5 r=1
43,0.6668980742383268,3,14,1,Salt and Pepper p=0.5 r=1
44,0.6668702068880911,4,14,1,Salt and Pepper p=0.5 r=1
45,0.7309836734765028,0,14,1,Salt and Pepper p=0.7 r=0
46,0.7310243686110046,1,14,1,Salt and Pepper p=0.7 r=0
47,0.7310115852724838,2,14,1,Salt and Pepper p=0.7 r=0
48,0.7309034702095276,3,14,1,Salt and Pepper p=0.7 r=0
49,0.7311175317328263,4,14,1,Salt and Pepper p=0.7 r=0
50,0.36320417158364016,0,14,1,Salt and Pepper p=0.7 r=0.5
51,0.361692840744012,1,14,1,Salt and Pepper p=0.7 r=0.5
52,0.3633268507735275,2,14,1,Salt and Pepper p=0.7 r=0.5
53,0.3654444415856704,3,14,1,Salt and Pepper p=0.7 r=0.5
54,0.362779855064549,4,14,1,Salt and Pepper p=0.7 r=0.5
55,0.8857471444415629,0,14,1,Salt and Pepper p=0.7 r=1
56,0.88204714102711,1,14,1,Salt and Pepper p=0.7 r=1
57,0.8859254133526832,2,14,1,Salt and Pepper p=0.7 r=1
58,0.8846706283017137,3,14,1,Salt and Pepper p=0.7 r=1
59,0.8852872475814954,4,14,1,Salt and Pepper p=0.7 r=1
60,0.909457268404791,0,14,1,Salt and Pepper p=0.9 r=0
61,0.9091537377678486,1,14,1,Salt and Pepper p=0.9 r=0
62,0.9096391484085735,2,14,1,Salt and Pepper p=0.9 r=0
63,0.9092355092741465,3,14,1,Salt and Pepper p=0.9 r=0
64,0.9089125271565935,4,14,1,Salt and Pepper p=0.9 r=0
65,0.39977379418519876,0,14,1,Salt and Pepper p=0.9 r=0.5
66,0.4035021764407833,1,14,1,Salt and Pepper p=0.9 r=0.5
67,0.40360758408219605,2,14,1,Salt and Pepper p=0.9 r=0.5
68,0.4032489871849754,3,14,1,Salt and Pepper p=0.9 r=0.5
69,0.4033175045200523,4,14,1,Salt and Pepper p=0.9 r=0.5
70,1.1071139273517818,0,14,1,Salt and Pepper p=0.9 r=1
71,1.1096924334471616,1,14,1,Salt and Pepper p=0.9 r=1
72,1.1085025688796448,2,14,1,Salt and Pepper p=0.9 r=1
73,1.1064768996173697,3,14,1,Salt and Pepper p=0.9 r=1
74,1.1134701013554464,4,14,1,Salt and Pepper p=0.9 r=1
75,0.24428853646916052,0,111,124,Salt and Pepper p=0.1 r=0
76,0.24343751330466637,1,111,124,Salt and Pepper p=0.1 r=0
77,0.24315405690871236,2,111,124,Salt and Pepper p=0.1 r=0
78,0.2429227164574145,3,112,124,Salt and Pepper p=0.1 r=0
79,0.24367695898936162,4,110,124,Salt and Pepper p=0.1 r=0
80,0.2514663577286034,0,110,124,Salt and Pepper p=0.1 r=0.5
81,0.25047976828231083,1,110,124,Salt and Pepper p=0.1 r=0.5
82,0.2507538173345961,2,109,124,Salt and Pepper p=0.1 r=0.5
83,0.2515046561014852,3,111,124,Salt and Pepper p=0.1 r=0.5
84,0.25136057297533526,4,109,124,Salt and Pepper p=0.1 r=0.5
85,0.289644674229713,0,118,124,Salt and Pepper p=0.1 r=1
86,0.28988031548033116,1,119,124,Salt and Pepper p=0.1 r=1
87,0.29068808911055255,2,118,124,Salt and Pepper p=0.1 r=1
88,0.29208181184583226,3,118,124,Salt and Pepper p=0.1 r=1
89,0.2900118358995405,4,118,124,Salt and Pepper p=0.1 r=1
90,0.43885654785872036,0,82,124,Salt and Pepper p=0.3 r=0
91,0.4384491298935626,1,81,124,Salt and Pepper p=0.3 r=0
92,0.4402409761374193,2,82,124,Salt and Pepper p=0.3 r=0
93,0.4399735123663533,3,82,124,Salt and Pepper p=0.3 r=0
94,0.4372132168836689,4,81,124,Salt and Pepper p=0.3 r=0
95,0.42170574499867314,0,88,124,Salt and Pepper p=0.3 r=0.5
96,0.4203335980330176,1,87,124,Salt and Pepper p=0.3 r=0.5
97,0.4190237047448077,2,88,124,Salt and Pepper p=0.3 r=0.5
98,0.42343897025666233,3,88,124,Salt and Pepper p=0.3 r=0.5
99,0.4187260144879619,4,88,124,Salt and Pepper p=0.3 r=0.5
100,0.5346319264021225,0,108,124,Salt and Pepper p=0.3 r=1
101,0.5343651397107465,1,108,124,Salt and Pepper p=0.3 r=1
102,0.5351812361530385,2,108,124,Salt and Pepper p=0.3 r=1
103,0.5358020987011689,3,107,124,Salt and Pepper p=0.3 r=1
104,0.5386887263594377,4,108,124,Salt and Pepper p=0.3 r=1
105,0.6118759955295329,0,73,124,Salt and Pepper p=0.5 r=0
106,0.6115016374758726,1,69,124,Salt and Pepper p=0.5 r=0
107,0.611984284535086,2,72,124,Salt and Pepper p=0.5 r=0
108,0.6116613722308575,3,73,124,Salt and Pepper p=0.5 r=0
109,0.6115128942691075,4,72,124,Salt and Pepper p=0.5 r=0
110,0.5465437360009587,0,79,124,Salt and Pepper p=0.5 r=0.5
111,0.5446928893120758,1,79,124,Salt and Pepper p=0.5 r=0.5
112,0.543232235962975,2,78,124,Salt and Pepper p=0.5 r=0.5
113,0.5471348118357987,3,79,124,Salt and Pepper p=0.5 r=0.5
114,0.5419897194059595,4,79,124,Salt and Pepper p=0.5 r=0.5
115,0.742440455374565,0,112,124,Salt and Pepper p=0.5 r=1
116,0.7391402731839789,1,112,124,Salt and Pepper p=0.5 r=1
117,0.745131265392744,2,112,124,Salt and Pepper p=0.5 r=1
118,0.7411134500078725,3,112,124,Salt and Pepper p=0.5 r=1
119,0.7430660696784973,4,111,124,Salt and Pepper p=0.5 r=1
120,0.7786466255796014,0,76,124,Salt and Pepper p=0.7 r=0
121,0.7793109245259306,1,74,124,Salt and Pepper p=0.7 r=0
122,0.7796168548014155,2,80,124,Salt and Pepper p=0.7 r=0
123,0.7797684071004072,3,78,124,Salt and Pepper p=0.7 r=0
124,0.7789943665324189,4,78,124,Salt and Pepper p=0.7 r=0
125,0.6448698063034181,0,73,124,Salt and Pepper p=0.7 r=0.5
126,0.6422312923839137,1,74,124,Salt and Pepper p=0.7 r=0.5
127,0.6392059472594988,2,74,124,Salt and Pepper p=0.7 r=0.5
128,0.6374986360987221,3,74,124,Salt and Pepper p=0.7 r=0.5
129,0.6410427418530568,4,74,124,Salt and Pepper p=0.7 r=0.5
130,0.9387106784404271,0,123,124,Salt and Pepper p=0.7 r=1
131,0.9387783493267357,1,123,124,Salt and Pepper p=0.7 r=1
132,0.9409937411271267,2,124,124,Salt and Pepper p=0.7 r=1
133,0.9422300920269281,3,124,124,Salt and Pepper p=0.7 r=1
134,0.9388213991054958,4,124,124,Salt and Pepper p=0.7 r=1
135,0.9282972363161384,0,42,124,Salt and Pepper p=0.9 r=0
136,0.9289595849872148,1,43,124,Salt and Pepper p=0.9 r=0
137,0.9285580045043521,2,40,124,Salt and Pepper p=0.9 r=0
138,0.9290938402305539,3,43,124,Salt and Pepper p=0.9 r=0
139,0.9290439362026628,4,39,124,Salt and Pepper p=0.9 r=0
140,0.7252615751843327,0,70,124,Salt and Pepper p=0.9 r=0.5
141,0.7210661314338626,1,69,124,Salt and Pepper p=0.9 r=0.5
142,0.7223713785159509,2,70,124,Salt and Pepper p=0.9 r=0.5
143,0.7212234326920548,3,70,124,Salt and Pepper p=0.9 r=0.5
144,0.7217047214090062,4,70,124,Salt and Pepper p=0.9 r=0.5
145,1.121127194165932,0,24,124,Salt and Pepper p=0.9 r=1
146,1.115262296607851,1,22,124,Salt and Pepper p=0.9 r=1
147,1.1151167049598565,2,21,124,Salt and Pepper p=0.9 r=1
148,1.121059570675036,3,22,124,Salt and Pepper p=0.9 r=1
149,1.1184904108860885,4,22,124,Salt and Pepper p=0.9 r=1
150,0.2696352932352167,0,152,247,Salt and Pepper p=0.1 r=0
151,0.26953815262412145,1,152,247,Salt and Pepper p=0.1 r=0
152,0.2692805207687609,2,150,247,Salt and Pepper p=0.1 r=0
153,0.2693337670780509,3,151,247,Salt and Pepper p=0.1 r=0
154,0.27024359768168066,4,151,247,Salt and Pepper p=0.1 r=0
155,0.29803156731926095,0,162,247,Salt and Pepper p=0.1 r=0.5
156,0.2980455667848129,1,162,247,Salt and Pepper p=0.1 r=0.5
157,0.2975126427226987,2,161,247,Salt and Pepper p=0.1 r=0.5
158,0.29913724090864574,3,163,247,Salt and Pepper p=0.1 r=0.5
159,0.2975202464712222,4,163,247,Salt and Pepper p=0.1 r=0.5
160,0.34507197374308224,0,192,247,Salt and Pepper p=0.1 r=1
161,0.3443150770440666,1,192,247,Salt and Pepper p=0.1 r=1
162,0.3429650777402241,2,189,247,Salt and Pepper p=0.1 r=1
163,0.34310640949334587,3,189,247,Salt and Pepper p=0.1 r=1
164,0.34207356493700725,4,186,247,Salt and Pepper p=0.1 r=1
165,0.48490121036182166,0,120,247,Salt and Pepper p=0.3 r=0
166,0.48402381339923295,1,121,247,Salt and Pepper p=0.3 r=0
167,0.4846038381168704,2,121,247,Salt and Pepper p=0.3 r=0
168,0.48456512026391935,3,121,247,Salt and Pepper p=0.3 r=0
169,0.48476553272487277,4,121,247,Salt and Pepper p=0.3 r=0
170,0.5168293799748023,0,150,247,Salt and Pepper p=0.3 r=0.5
171,0.5135138266914905,1,140,247,Salt and Pepper p=0.3 r=0.5
172,0.5157541837810916,2,141,247,Salt and Pepper p=0.3 r=0.5
173,0.5139882786032802,3,143,247,Salt and Pepper p=0.3 r=0.5
174,0.5173801834722606,4,147,247,Salt and Pepper p=0.3 r=0.5
175,0.6007661629597205,0,165,247,Salt and Pepper p=0.3 r=1
176,0.6024150235627941,1,160,247,Salt and Pepper p=0.3 r=1
177,0.5997973276114462,2,161,247,Salt and Pepper p=0.3 r=1
178,0.6001453598726512,3,160,247,Salt and Pepper p=0.3 r=1
179,0.6015958292896206,4,164,247,Salt and Pepper p=0.3 r=1
180,0.670794057808175,0,201,247,Salt and Pepper p=0.5 r=0
181,0.6710746582757495,1,201,247,Salt and Pepper p=0.5 r=0
182,0.6705427821925978,2,201,247,Salt and Pepper p=0.5 r=0
183,0.669289740406293,3,201,247,Salt and Pepper p=0.5 r=0
184,0.6713054561132171,4,201,247,Salt and Pepper p=0.5 r=0
185,0.6657828417546507,0,138,247,Salt and Pepper p=0.5 r=0.5
186,0.6702196072791375,1,142,247,Salt and Pepper p=0.5 r=0.5
187,0.6711008746624378,2,146,247,Salt and Pepper p=0.5 r=0.5
188,0.6720420771758071,3,144,247,Salt and Pepper p=0.5 r=0.5
189,0.6745813084651548,4,149,247,Salt and Pepper p=0.5 r=0.5
190,0.7987729131403624,0,159,247,Salt and Pepper p=0.5 r=1
191,0.7953345818607936,1,160,247,Salt and Pepper p=0.5 r=1
192,0.8026249741151393,2,161,247,Salt and Pepper p=0.5 r=1
193,0.7985443312416493,3,159,247,Salt and Pepper p=0.5 r=1
194,0.800214003087917,4,159,247,Salt and Pepper p=0.5 r=1
195,0.8172081482462118,0,114,247,Salt and Pepper p=0.7 r=0
196,0.8164685960147803,1,115,247,Salt and Pepper p=0.7 r=0
197,0.8164052453052103,2,112,247,Salt and Pepper p=0.7 r=0
198,0.8169517845427025,3,115,247,Salt and Pepper p=0.7 r=0
199,0.816331763791963,4,112,247,Salt and Pepper p=0.7 r=0
200,0.8001957239909722,0,156,247,Salt and Pepper p=0.7 r=0.5
201,0.7940041905837015,1,146,247,Salt and Pepper p=0.7 r=0.5
202,0.7953218239696371,2,152,247,Salt and Pepper p=0.7 r=0.5
203,0.7985242217326803,3,154,247,Salt and Pepper p=0.7 r=0.5
204,0.791517470895502,4,142,247,Salt and Pepper p=0.7 r=0.5
205,0.9800852427367603,0,179,247,Salt and Pepper p=0.7 r=1
206,0.9809776521947416,1,180,247,Salt and Pepper p=0.7 r=1
207,0.9778598799296149,2,181,247,Salt and Pepper p=0.7 r=1
208,0.9782430692870248,3,179,247,Salt and Pepper p=0.7 r=1
209,0.9815717371407833,4,182,247,Salt and Pepper p=0.7 r=1
210,0.9418437255481702,0,54,247,Salt and Pepper p=0.9 r=0
211,0.9416587430507887,1,56,247,Salt and Pepper p=0.9 r=0
212,0.9416071483377303,2,59,247,Salt and Pepper p=0.9 r=0
213,0.9414850908865784,3,56,247,Salt and Pepper p=0.9 r=0
214,0.9416548813179322,4,58,247,Salt and Pepper p=0.9 r=0
215,0.8991835338560958,0,151,247,Salt and Pepper p=0.9 r=0.5
216,0.9034718562751394,1,168,247,Salt and Pepper p=0.9 r=0.5
217,0.9012405615044812,2,146,247,Salt and Pepper p=0.9 r=0.5
218,0.8984107428020713,3,144,247,Salt and Pepper p=0.9 r=0.5
219,0.895544732729595,4,137,247,Salt and Pepper p=0.9 r=0.5
220,1.139077943735813,0,201,247,Salt and Pepper p=0.9 r=1
221,1.144495089413588,1,201,247,Salt and Pepper p=0.9 r=1
222,1.1547001146929363,2,201,247,Salt and Pepper p=0.9 r=1
223,1.1488742839186645,3,201,247,Salt and Pepper p=0.9 r=1
224,1.1468349956072257,4,201,247,Salt and Pepper p=0.9 r=1
225,0.28688449294962903,0,193,370,Salt and Pepper p=0.1 r=0
226,0.28835435565361917,1,192,370,Salt and Pepper p=0.1 r=0
227,0.286131634713774,2,194,370,Salt and Pepper p=0.1 r=0
228,0.28734394274691083,3,192,370,Salt and Pepper p=0.1 r=0
229,0.2867815770625562,4,194,370,Salt and Pepper p=0.1 r=0
230,0.3251822913348112,0,201,370,Salt and Pepper p=0.1 r=0.5
231,0.32348710666564406,1,201,370,Salt and Pepper p=0.1 r=0.5
232,0.3252245955339021,2,201,370,Salt and Pepper p=0.1 r=0.5
233,0.32440912551564643,3,201,370,Salt and Pepper p=0.1 r=0.5
234,0.32517784412600104,4,201,370,Salt and Pepper p=0.1 r=0.5
235,0.36737750386415574,0,201,370,Salt and Pepper p=0.1 r=1
236,0.37028246102520684,1,201,370,Salt and Pepper p=0.1 r=1
237,0.37251888360959234,2,201,370,Salt and Pepper p=0.1 r=1
238,0.371411529389315,3,201,370,Salt and Pepper p=0.1 r=1
239,0.36877399196975924,4,201,370,Salt and Pepper p=0.1 r=1
240,0.5175924542899206,0,201,370,Salt and Pepper p=0.3 r=0
241,0.517475297007062,1,201,370,Salt and Pepper p=0.3 r=0
242,0.5167587900760015,2,201,370,Salt and Pepper p=0.3 r=0
243,0.5158252760374845,3,190,370,Salt and Pepper p=0.3 r=0
244,0.5156641502636324,4,193,370,Salt and Pepper p=0.3 r=0
245,0.5715064043559276,0,201,370,Salt and Pepper p=0.3 r=0.5
246,0.5741795926888479,1,201,370,Salt and Pepper p=0.3 r=0.5
247,0.5751249244120537,2,201,370,Salt and Pepper p=0.3 r=0.5
248,0.5712040478666299,3,201,370,Salt and Pepper p=0.3 r=0.5
249,0.5728439197972413,4,201,370,Salt and Pepper p=0.3 r=0.5
250,0.6397966317365504,0,201,370,Salt and Pepper p=0.3 r=1
251,0.6412349540787906,1,201,370,Salt and Pepper p=0.3 r=1
252,0.636824313594514,2,201,370,Salt and Pepper p=0.3 r=1
253,0.6345783807565696,3,201,370,Salt and Pepper p=0.3 r=1
254,0.6377979711152725,4,201,370,Salt and Pepper p=0.3 r=1
255,0.6967502956189195,0,201,370,Salt and Pepper p=0.5 r=0
256,0.6975015283658555,1,201,370,Salt and Pepper p=0.5 r=0
257,0.6977764054700827,2,201,370,Salt and Pepper p=0.5 r=0
258,0.6978371396419237,3,201,370,Salt and Pepper p=0.5 r=0
259,0.6960271318976063,4,201,370,Salt and Pepper p=0.5 r=0
260,0.749744736312049,0,201,370,Salt and Pepper p=0.5 r=0.5
261,0.7531031827553007,1,201,370,Salt and Pepper p=0.5 r=0.5
262,0.7490086135157339,2,201,370,Salt and Pepper p=0.5 r=0.5
263,0.749257816999774,3,201,370,Salt and Pepper p=0.5 r=0.5
264,0.7480243434289342,4,201,370,Salt and Pepper p=0.5 r=0.5
265,0.8310776462158241,0,201,370,Salt and Pepper p=0.5 r=1
266,0.8353323329943793,1,201,370,Salt and Pepper p=0.5 r=1
267,0.8300279368814492,2,201,370,Salt and Pepper p=0.5 r=1
268,0.83100152397687,3,201,370,Salt and Pepper p=0.5 r=1
269,0.8324538164795106,4,201,370,Salt and Pepper p=0.5 r=1
270,0.8364465777523471,0,201,370,Salt and Pepper p=0.7 r=0
271,0.836615510003342,1,201,370,Salt and Pepper p=0.7 r=0
272,0.8363149510663228,2,201,370,Salt and Pepper p=0.7 r=0
273,0.8367312332214754,3,201,370,Salt and Pepper p=0.7 r=0
274,0.8361916629593829,4,201,370,Salt and Pepper p=0.7 r=0
275,0.8954475884744998,0,201,370,Salt and Pepper p=0.7 r=0.5
276,0.8916949240281576,1,201,370,Salt and Pepper p=0.7 r=0.5
277,0.89432204289312,2,201,370,Salt and Pepper p=0.7 r=0.5
278,0.8934637619551786,3,201,370,Salt and Pepper p=0.7 r=0.5
279,0.8913350993708666,4,201,370,Salt and Pepper p=0.7 r=0.5
280,0.9998083361808688,0,201,370,Salt and Pepper p=0.7 r=1
281,0.9977389764383564,1,201,370,Salt and Pepper p=0.7 r=1
282,0.9977573707849412,2,201,370,Salt and Pepper p=0.7 r=1
283,0.9991766109743733,3,201,370,Salt and Pepper p=0.7 r=1
284,1.0031702425730584,4,201,370,Salt and Pepper p=0.7 r=1
285,0.948389076112331,0,97,370,Salt and Pepper p=0.9 r=0
286,0.948730744259079,1,201,370,Salt and Pepper p=0.9 r=0
287,0.9487564434317658,2,126,370,Salt and Pepper p=0.9 r=0
288,0.9486508422117736,3,144,370,Salt and Pepper p=0.9 r=0
289,0.9484157285347118,4,106,370,Salt and Pepper p=0.9 r=0
290,1.0223306971990624,0,201,370,Salt and Pepper p=0.9 r=0.5
291,1.0231695142236772,1,201,370,Salt and Pepper p=0.9 r=0.5
292,1.0181562935028754,2,201,370,Salt and Pepper p=0.9 r=0.5
293,1.0187853234998268,3,201,370,Salt and Pepper p=0.9 r=0.5
294,1.0162611470106766,4,201,370,Salt and Pepper p=0.9 r=0.5
295,1.1584182907451666,0,201,370,Salt and Pepper p=0.9 r=1
296,1.1543773008433986,1,201,370,Salt and Pepper p=0.9 r=1
297,1.1470077615417222,2,201,370,Salt and Pepper p=0.9 r=1
298,1.1518772881275912,3,201,370,Salt and Pepper p=0.9 r=1
299,1.1488442785191624,4,201,370,Salt and Pepper p=0.9 r=1
300,0.29821135860594516,0,201,493,Salt and Pepper p=0.1 r=0
301,0.29728286662311215,1,201,493,Salt and Pepper p=0.1 r=0
302,0.2978283287244751,2,201,493,Salt and Pepper p=0.1 r=0
303,0.2990047160106341,3,201,493,Salt and Pepper p=0.1 r=0
304,0.2970017789006302,4,201,493,Salt and Pepper p=0.1 r=0
305,0.33910186603077874,0,201,493,Salt and Pepper p=0.1 r=0.5
306,0.337686861386674,1,201,493,Salt and Pepper p=0.1 r=0.5
307,0.338272263793739,2,201,493,Salt and Pepper p=0.1 r=0.5
308,0.3403566291828789,3,201,493,Salt and Pepper p=0.1 r=0.5
309,0.3384695856998748,4,201,493,Salt and Pepper p=0.1 r=0.5
310,0.3797728595154976,0,201,493,Salt and Pepper p=0.1 r=1
311,0.3814003776361759,1,201,493,Salt and Pepper p=0.1 r=1
312,0.3819863209710055,2,201,493,Salt and Pepper p=0.1 r=1
313,0.3806361705665658,3,201,493,Salt and Pepper p=0.1 r=1
314,0.38169231207718646,4,201,493,Salt and Pepper p=0.1 r=1
315,0.5323849043349518,0,201,493,Salt and Pepper p=0.3 r=0
316,0.5314744544850778,1,201,493,Salt and Pepper p=0.3 r=0
317,0.5314333788929818,2,201,493,Salt and Pepper p=0.3 r=0
318,0.5323410973438429,3,201,493,Salt and Pepper p=0.3 r=0
319,0.5310256830014216,4,201,493,Salt and Pepper p=0.3 r=0
320,0.5980074066794212,0,201,493,Salt and Pepper p=0.3 r=0.5
321,0.5984096307324325,1,201,493,Salt and Pepper p=0.3 r=0.5
322,0.598990180061665,2,201,493,Salt and Pepper p=0.3 r=0.5
323,0.5995929335025297,3,201,493,Salt and Pepper p=0.3 r=0.5
324,0.5961672361118473,4,201,493,Salt and Pepper p=0.3 r=0.5
325,0.6555376042753321,0,201,493,Salt and Pepper p=0.3 r=1
326,0.6543153715764292,1,201,493,Salt and Pepper p=0.3 r=1
327,0.6567818578995483,2,201,493,Salt and Pepper p=0.3 r=1
328,0.6567993732726334,3,201,493,Salt and Pepper p=0.3 r=1
329,0.6548761566024636,4,201,493,Salt and Pepper p=0.3 r=1
330,0.7054221424456412,0,201,493,Salt and Pepper p=0.5 r=0
331,0.7048928003574536,1,201,493,Salt and Pepper p=0.5 r=0
332,0.7050737324386164,2,201,493,Salt and Pepper p=0.5 r=0
333,0.7049898371580536,3,201,493,Salt and Pepper p=0.5 r=0
334,0.7043760738177007,4,201,493,Salt and Pepper p=0.5 r=0
335,0.7759121828183906,0,201,493,Salt and Pepper p=0.5 r=0.5
336,0.776534397766507,1,201,493,Salt and Pepper p=0.5 r=0.5
337,0.7830197435467973,2,201,493,Salt and Pepper p=0.5 r=0.5
338,0.7784388642229524,3,201,493,Salt and Pepper p=0.5 r=0.5
339,0.7767510518637526,4,201,493,Salt and Pepper p=0.5 r=0.5
340,0.8500612056502006,0,201,493,Salt and Pepper p=0.5 r=1
341,0.8478362854131707,1,201,493,Salt and Pepper p=0.5 r=1
342,0.843503808078628,2,201,493,Salt and Pepper p=0.5 r=1
343,0.847025177835719,3,201,493,Salt and Pepper p=0.5 r=1
344,0.8444558871534565,4,201,493,Salt and Pepper p=0.5 r=1
345,0.8371147296996394,0,201,493,Salt and Pepper p=0.7 r=0
346,0.8374643347532771,1,201,493,Salt and Pepper p=0.7 r=0
347,0.8371957720286664,2,201,493,Salt and Pepper p=0.7 r=0
348,0.8368669206987581,3,201,493,Salt and Pepper p=0.7 r=0
349,0.8366435587266319,4,201,493,Salt and Pepper p=0.7 r=0
350,0.9273977029614086,0,201,493,Salt and Pepper p=0.7 r=0.5
351,0.927088537244913,1,201,493,Salt and Pepper p=0.7 r=0.5
352,0.9258284125781535,2,201,493,Salt and Pepper p=0.7 r=0.5
353,0.924202462260787,3,201,493,Salt and Pepper p=0.7 r=0.5
354,0.9285848739447703,4,201,493,Salt and Pepper p=0.7 r=0.5
355,1.0078111758838433,0,201,493,Salt and Pepper p=0.7 r=1
356,1.0107657268052448,1,201,493,Salt and Pepper p=0.7 r=1
357,1.0059351682199922,2,201,493,Salt and Pepper p=0.7 r=1
358,1.0059264831220245,3,201,493,Salt and Pepper p=0.7 r=1
359,1.0148215973848576,4,201,493,Salt and Pepper p=0.7 r=1
360,0.9487802854474351,0,201,493,Salt and Pepper p=0.9 r=0
361,0.9488347899307675,1,201,493,Salt and Pepper p=0.9 r=0
362,0.9488253110426093,2,201,493,Salt and Pepper p=0.9 r=0
363,0.9487707042419822,3,201,493,Salt and Pepper p=0.9 r=0
364,0.94866479913216,4,201,493,Salt and Pepper p=0.9 r=0
365,1.0539295875363988,0,201,493,Salt and Pepper p=0.9 r=0.5
366,1.0510511042694899,1,201,493,Salt and Pepper p=0.9 r=0.5
367,1.0542674165996215,2,201,493,Salt and Pepper p=0.9 r=0.5
368,1.0549228556165298,3,201,493,Salt and Pepper p=0.9 r=0.5
369,1.0550662329057945,4,201,493,Salt and Pepper p=0.9 r=0.5
370,1.1556871746364787,0,201,493,Salt and Pepper p=0.9 r=1
371,1.1555476227050747,1,201,493,Salt and Pepper p=0.9 r=1
372,1.1562603845308,2,201,493,Salt and Pepper p=0.9 r=1
373,1.1559713879931794,3,201,493,Salt and Pepper p=0.9 r=1
374,1.1568628407864416,4,201,493,Salt and Pepper p=0.9 r=1
375,0.3033169498749954,0,201,617,Salt and Pepper p=0.1 r=0
376,0.30377536053476006,1,201,617,Salt and Pepper p=0.1 r=0
377,0.303526192661057,2,201,617,Salt and Pepper p=0.1 r=0
378,0.3039361647700746,3,201,617,Salt and Pepper p=0.1 r=0
379,0.3045483886348379,4,201,617,Salt and Pepper p=0.1 r=0
380,0.34679925322916444,0,201,617,Salt and Pepper p=0.1 r=0.5
381,0.344914378638771,1,201,617,Salt and Pepper p=0.1 r=0.5
382,0.3453610502255427,2,201,617,Salt and Pepper p=0.1 r=0.5
383,0.34483681725353615,3,201,617,Salt and Pepper p=0.1 r=0.5
384,0.34434280184307003,4,201,617,Salt and Pepper p=0.1 r=0.5
385,0.38655348388213795,0,201,617,Salt and Pepper p=0.1 r=1
386,0.3842182766681736,1,201,617,Salt and Pepper p=0.1 r=1
387,0.38684476747606306,2,201,617,Salt and Pepper p=0.1 r=1
388,0.38730736565722307,3,201,617,Salt and Pepper p=0.1 r=1
389,0.38629355294857165,4,201,617,Salt and Pepper p=0.1 r=1
390,0.5404976901491595,0,201,617,Salt and Pepper p=0.3 r=0
391,0.5405394610813877,1,201,617,Salt and Pepper p=0.3 r=0
392,0.5407808856593848,2,201,617,Salt and Pepper p=0.3 r=0
393,0.540011409087912,3,201,617,Salt and Pepper p=0.3 r=0
394,0.5393078270168502,4,201,617,Salt and Pepper p=0.3 r=0
395,0.6079255439634093,0,201,617,Salt and Pepper p=0.3 r=0.5
396,0.6043399666223996,1,201,617,Salt and Pepper p=0.3 r=0.5
397,0.6073451198088221,2,201,617,Salt and Pepper p=0.3 r=0.5
398,0.6048794764839377,3,201,617,Salt and Pepper p=0.3 r=0.5
399,0.6066124905845308,4,201,617,Salt and Pepper p=0.3 r=0.5
400,0.6634155523185158,0,201,617,Salt and Pepper p=0.3 r=1
401,0.666552687180531,1,201,617,Salt and Pepper p=0.3 r=1
402,0.6703317025948725,2,201,617,Salt and Pepper p=0.3 r=1
403,0.6666729077172794,3,201,617,Salt and Pepper p=0.3 r=1
404,0.6595764579188603,4,201,617,Salt and Pepper p=0.3 r=1
405,0.7062697435677162,0,201,617,Salt and Pepper p=0.5 r=0
406,0.707119168720443,1,201,617,Salt and Pepper p=0.5 r=0
407,0.7063389400253683,2,201,617,Salt and Pepper p=0.5 r=0
408,0.7068710224372152,3,201,617,Salt and Pepper p=0.5 r=0
409,0.706373187952086,4,201,617,Salt and Pepper p=0.5 r=0
410,0.7890193758726985,0,201,617,Salt and Pepper p=0.5 r=0.5
411,0.7892713488733584,1,201,617,Salt and Pepper p=0.5 r=0.5
412,0.7907665902930426,2,201,617,Salt and Pepper p=0.5 r=0.5
413,0.7894790417318686,3,201,617,Salt and Pepper p=0.5 r=0.5
414,0.7870688574001777,4,201,617,Salt and Pepper p=0.5 r=0.5
415,0.8579877839740709,0,201,617,Salt and Pepper p=0.5 r=1
416,0.8561329606127326,1,201,617,Salt and Pepper p=0.5 r=1
417,0.8539322803628648,2,201,617,Salt and Pepper p=0.5 r=1
418,0.8566596015752224,3,201,617,Salt and Pepper p=0.5 r=1
419,0.8549943223968718,4,201,617,Salt and Pepper p=0.5 r=1
420,0.8374287837460446,0,201,617,Salt and Pepper p=0.7 r=0
421,0.8370794010612796,1,201,617,Salt and Pepper p=0.7 r=0
422,0.8365577875806872,2,201,617,Salt and Pepper p=0.7 r=0
423,0.8368270297857302,3,201,617,Salt and Pepper p=0.7 r=0
424,0.8364246437803897,4,201,617,Salt and Pepper p=0.7 r=0
425,0.9345724122169335,0,201,617,Salt and Pepper p=0.7 r=0.5
426,0.9323380377032723,1,201,617,Salt and Pepper p=0.7 r=0.5
427,0.9343363419145747,2,201,617,Salt and Pepper p=0.7 r=0.5
428,0.9309723489747755,3,201,617,Salt and Pepper p=0.7 r=0.5
429,0.9349799960825641,4,201,617,Salt and Pepper p=0.7 r=0.5
430,1.0223960906034906,0,201,617,Salt and Pepper p=0.7 r=1
431,1.0163336583072797,1,201,617,Salt and Pepper p=0.7 r=1
432,1.0138213933435936,2,201,617,Salt and Pepper p=0.7 r=1
433,1.0203084146986636,3,201,617,Salt and Pepper p=0.7 r=1
434,1.0233387006406192,4,201,617,Salt and Pepper p=0.7 r=1
435,0.9485721751168039,0,201,617,Salt and Pepper p=0.9 r=0
436,0.9487087010637723,1,201,617,Salt and Pepper p=0.9 r=0
437,0.9489291841478625,2,201,617,Salt and Pepper p=0.9 r=0
438,0.9487779787764857,3,201,617,Salt and Pepper p=0.9 r=0
439,0.9486446118941482,4,201,617,Salt and Pepper p=0.9 r=0
440,1.0605696069621582,0,201,617,Salt and Pepper p=0.9 r=0.5
441,1.060157274603524,1,201,617,Salt and Pepper p=0.9 r=0.5
442,1.058959117995353,2,201,617,Salt and Pepper p=0.9 r=0.5
443,1.0579152854648293,3,201,617,Salt and Pepper p=0.9 r=0.5
444,1.0611861389317876,4,201,617,Salt and Pepper p=0.9 r=0.5
445,1.1626428400276285,0,201,617,Salt and Pepper p=0.9 r=1
446,1.1575821790112748,1,201,617,Salt and Pepper p=0.9 r=1
447,1.1586599188575382,2,201,617,Salt and Pepper p=0.9 r=1
448,1.1610075849375139,3,201,617,Salt and Pepper p=0.9 r=1
449,1.162217209776436,4,201,617,Salt and Pepper p=0.9 r=1
450,0.30885193202410066,0,201,740,Salt and Pepper p=0.1 r=0
451,0.30811164693156573,1,201,740,Salt and Pepper p=0.1 r=0
452,0.3078982727312324,2,201,740,Salt and Pepper p=0.1 r=0
453,0.30840341437849067,3,201,740,Salt and Pepper p=0.1 r=0
454,0.30862441949514174,4,201,740,Salt and Pepper p=0.1 r=0
455,0.3487006434393371,0,201,740,Salt and Pepper p=0.1 r=0.5
456,0.3490432108907898,1,201,740,Salt and Pepper p=0.1 r=0.5
457,0.3476946990762258,2,201,740,Salt and Pepper p=0.1 r=0.5
458,0.34945596057324707,3,201,740,Salt and Pepper p=0.1 r=0.5
459,0.3511267224637347,4,201,740,Salt and Pepper p=0.1 r=0.5
460,0.3865142567907591,0,201,740,Salt and Pepper p=0.1 r=1
461,0.3894084990312493,1,201,740,Salt and Pepper p=0.1 r=1
462,0.39013084368735584,2,201,740,Salt and Pepper p=0.1 r=1
463,0.38857035006004653,3,201,740,Salt and Pepper p=0.1 r=1
464,0.38894625012906525,4,201,740,Salt and Pepper p=0.1 r=1
465,0.542931863397721,0,201,740,Salt and Pepper p=0.3 r=0
466,0.5442525923288823,1,201,740,Salt and Pepper p=0.3 r=0
467,0.5444322686977356,2,201,740,Salt and Pepper p=0.3 r=0
468,0.5442641013357504,3,201,740,Salt and Pepper p=0.3 r=0
469,0.5437624924831662,4,201,740,Salt and Pepper p=0.3 r=0
470,0.6092736598304477,0,201,740,Salt and Pepper p=0.3 r=0.5
471,0.6106272801224735,1,201,740,Salt and Pepper p=0.3 r=0.5
472,0.6083140149353161,2,201,740,Salt and Pepper p=0.3 r=0.5
473,0.6105969175465878,3,201,740,Salt and Pepper p=0.3 r=0.5
474,0.6097480543517969,4,201,740,Salt and Pepper p=0.3 r=0.5
475,0.6705123829521862,0,201,740,Salt and Pepper p=0.3 r=1
476,0.6713689156733793,1,201,740,Salt and Pepper p=0.3 r=1
477,0.6671007782923116,2,201,740,Salt and Pepper p=0.3 r=1
478,0.669497291810672,3,201,740,Salt and Pepper p=0.3 r=1
479,0.6687614881347078,4,201,740,Salt and Pepper p=0.3 r=1
480,0.7075921581902231,0,201,740,Salt and Pepper p=0.5 r=0
481,0.707881634859386,1,201,740,Salt and Pepper p=0.5 r=0
482,0.706633737787737,2,201,740,Salt and Pepper p=0.5 r=0
483,0.7063102138487385,3,201,740,Salt and Pepper p=0.5 r=0
484,0.7066968799278428,4,201,740,Salt and Pepper p=0.5 r=0
485,0.7899547432364581,0,201,740,Salt and Pepper p=0.5 r=0.5
486,0.7923576159012924,1,201,740,Salt and Pepper p=0.5 r=0.5
487,0.789777889032168,2,201,740,Salt and Pepper p=0.5 r=0.5
488,0.7877466745043094,3,201,740,Salt and Pepper p=0.5 r=0.5
489,0.792017439534588,4,201,740,Salt and Pepper p=0.5 r=0.5
490,0.8628257927892811,0,201,740,Salt and Pepper p=0.5 r=1
491,0.8623047652418844,1,201,740,Salt and Pepper p=0.5 r=1
492,0.8650811393858346,2,201,740,Salt and Pepper p=0.5 r=1
493,0.8566850191078815,3,201,740,Salt and Pepper p=0.5 r=1
494,0.8665158954498537,4,201,740,Salt and Pepper p=0.5 r=1
495,0.8364586455942028,0,201,740,Salt and Pepper p=0.7 r=0
496,0.8363141886725891,1,201,740,Salt and Pepper p=0.7 r=0
497,0.8365392688933871,2,201,740,Salt and Pepper p=0.7 r=0
498,0.8368858745780698,3,201,740,Salt and Pepper p=0.7 r=0
499,0.8370871207838321,4,201,740,Salt and Pepper p=0.7 r=0
500,0.9332354032980252,0,201,740,Salt and Pepper p=0.7 r=0.5
501,0.9359460282659902,1,201,740,Salt and Pepper p=0.7 r=0.5
502,0.9351032909426199,2,201,740,Salt and Pepper p=0.7 r=0.5
503,0.9394392495814797,3,201,740,Salt and Pepper p=0.7 r=0.5
504,0.9330910032399478,4,201,740,Salt and Pepper p=0.7 r=0.5
505,1.0271742478791417,0,201,740,Salt and Pepper p=0.7 r=1
506,1.02233597932787,1,201,740,Salt and Pepper p=0.7 r=1
507,1.0262444751226674,2,201,740,Salt and Pepper p=0.7 r=1
508,1.0260307822484498,3,201,740,Salt and Pepper p=0.7 r=1
509,1.023140290817169,4,201,740,Salt and Pepper p=0.7 r=1
510,0.9487739765945142,0,201,740,Salt and Pepper p=0.9 r=0
511,0.9486041839559025,1,201,740,Salt and Pepper p=0.9 r=0
512,0.9486488143514217,2,201,740,Salt and Pepper p=0.9 r=0
513,0.9485279811246665,3,201,740,Salt and Pepper p=0.9 r=0
514,0.9483075794863788,4,201,740,Salt and Pepper p=0.9 r=0
515,1.0620715639053069,0,201,740,Salt and Pepper p=0.9 r=0.5
516,1.061527470457806,1,201,740,Salt and Pepper p=0.9 r=0.5
517,1.0664838832657968,2,201,740,Salt and Pepper p=0.9 r=0.5
518,1.0630368612669938,3,201,740,Salt and Pepper p=0.9 r=0.5
519,1.064027027985699,4,201,740,Salt and Pepper p=0.9 r=0.5
520,1.1629191377110824,0,201,740,Salt and Pepper p=0.9 r=1
521,1.1588426323072525,1,201,740,Salt and Pepper p=0.9 r=1
522,1.160298948602186,2,201,740,Salt and Pepper p=0.9 r=1
523,1.1574528786075151,3,201,740,Salt and Pepper p=0.9 r=1
524,1.1584930938704987,4,201,740,Salt and Pepper p=0.9 r=1
525,0.311688379674102,0,201,863,Salt and Pepper p=0.1 r=0
526,0.312113074393123,1,201,863,Salt and Pepper p=0.1 r=0
527,0.3124245687534818,2,201,863,Salt and Pepper p=0.1 r=0
528,0.31212320600991367,3,201,863,Salt and Pepper p=0.1 r=0
529,0.31177993448643027,4,201,863,Salt and Pepper p=0.1 r=0
530,0.3508464036052088,0,201,863,Salt and Pepper p=0.1 r=0.5
531,0.3513830882048584,1,201,863,Salt and Pepper p=0.1 r=0.5
532,0.35170223049355004,2,201,863,Salt and Pepper p=0.1 r=0.5
533,0.35081876424758174,3,201,863,Salt and Pepper p=0.1 r=0.5
534,0.3527143290248249,4,201,863,Salt and Pepper p=0.1 r=0.5
535,0.3877225071808928,0,201,863,Salt and Pepper p=0.1 r=1
536,0.38885119557516046,1,201,863,Salt and Pepper p=0.1 r=1
537,0.38709653342190964,2,201,863,Salt and Pepper p=0.1 r=1
538,0.3896744013713017,3,201,863,Salt and Pepper p=0.1 r=1
539,0.39105225434315677,4,201,863,Salt and Pepper p=0.1 r=1
540,0.5452272245927012,0,201,863,Salt and Pepper p=0.3 r=0
541,0.5458645179292949,1,201,863,Salt and Pepper p=0.3 r=0
542,0.5458903699671818,2,201,863,Salt and Pepper p=0.3 r=0
543,0.5457211939876518,3,201,863,Salt and Pepper p=0.3 r=0
544,0.5451469205920698,4,201,863,Salt and Pepper p=0.3 r=0
545,0.6132608363009341,0,201,863,Salt and Pepper p=0.3 r=0.5
546,0.6112203528680201,1,201,863,Salt and Pepper p=0.3 r=0.5
547,0.6100272084906571,2,201,863,Salt and Pepper p=0.3 r=0.5
548,0.6110200610951733,3,201,863,Salt and Pepper p=0.3 r=0.5
549,0.6116982792600429,4,201,863,Salt and Pepper p=0.3 r=0.5
550,0.6694847445186355,0,201,863,Salt and Pepper p=0.3 r=1
551,0.6709657352790404,1,201,863,Salt and Pepper p=0.3 r=1
552,0.6715441062713927,2,201,863,Salt and Pepper p=0.3 r=1
553,0.670304014066018,3,201,863,Salt and Pepper p=0.3 r=1
554,0.6676792380758545,4,201,863,Salt and Pepper p=0.3 r=1
555,0.7066933285090242,0,201,863,Salt and Pepper p=0.5 r=0
556,0.7067808467025224,1,201,863,Salt and Pepper p=0.5 r=0
557,0.7065782366850799,2,201,863,Salt and Pepper p=0.5 r=0
558,0.7075503056888371,3,201,863,Salt and Pepper p=0.5 r=0
559,0.7073830998287296,4,201,863,Salt and Pepper p=0.5 r=0
560,0.79012305401829,0,201,863,Salt and Pepper p=0.5 r=0.5
561,0.7910327856934188,1,201,863,Salt and Pepper p=0.5 r=0.5
562,0.7913417079748812,2,201,863,Salt and Pepper p=0.5 r=0.5
563,0.7924656808641884,3,201,863,Salt and Pepper p=0.5 r=0.5
564,0.7910856162309997,4,201,863,Salt and Pepper p=0.5 r=0.5
565,0.8651726326682818,0,201,863,Salt and Pepper p=0.5 r=1
566,0.8671203005115989,1,201,863,Salt and Pepper p=0.5 r=1
567,0.8638744488790946,2,201,863,Salt and Pepper p=0.5 r=1
568,0.8683210479278541,3,201,863,Salt and Pepper p=0.5 r=1
569,0.8691015031436305,4,201,863,Salt and Pepper p=0.5 r=1
570,0.8361407025047892,0,201,863,Salt and Pepper p=0.7 r=0
571,0.8365997973578533,1,201,863,Salt and Pepper p=0.7 r=0
572,0.8364219475196155,2,201,863,Salt and Pepper p=0.7 r=0
573,0.8371392494975478,3,201,863,Salt and Pepper p=0.7 r=0
574,0.8368949346897706,4,201,863,Salt and Pepper p=0.7 r=0
575,0.9371089857517827,0,201,863,Salt and Pepper p=0.7 r=0.5
576,0.9361036635706533,1,201,863,Salt and Pepper p=0.7 r=0.5
577,0.9379431901121374,2,201,863,Salt and Pepper p=0.7 r=0.5
578,0.9355647996648347,3,201,863,Salt and Pepper p=0.7 r=0.5
579,0.9354773662759033,4,201,863,Salt and Pepper p=0.7 r=0.5
580,1.0193664118342822,0,201,863,Salt and Pepper p=0.7 r=1
581,1.0244567021092819,1,201,863,Salt and Pepper p=0.7 r=1
582,1.024293067299304,2,201,863,Salt and Pepper p=0.7 r=1
583,1.0264676176190164,3,201,863,Salt and Pepper p=0.7 r=1
584,1.0278924327876693,4,201,863,Salt and Pepper p=0.7 r=1
585,0.9484932586964253,0,201,863,Salt and Pepper p=0.9 r=0
586,0.9482933089941613,1,201,863,Salt and Pepper p=0.9 r=0
587,0.9488374726657645,2,201,863,Salt and Pepper p=0.9 r=0
588,0.9486509528917079,3,201,863,Salt and Pepper p=0.9 r=0
589,0.948697204365935,4,201,863,Salt and Pepper p=0.9 r=0
590,1.060286302798945,0,201,863,Salt and Pepper p=0.9 r=0.5
591,1.064167611421378,1,201,863,Salt and Pepper p=0.9 r=0.5
592,1.0627227646102713,2,201,863,Salt and Pepper p=0.9 r=0.5
593,1.06242236524739,3,201,863,Salt and Pepper p=0.9 r=0.5
594,1.0595585286737697,4,201,863,Salt and Pepper p=0.9 r=0.5
595,1.1647591005928584,0,201,863,Salt and Pepper p=0.9 r=1
596,1.1688380838124295,1,201,863,Salt and Pepper p=0.9 r=1
597,1.1542739003590998,2,201,863,Salt and Pepper p=0.9 r=1
598,1.1643384719771883,3,201,863,Salt and Pepper p=0.9 r=1
599,1.162594481444449,4,201,863,Salt and Pepper p=0.9 r=1
600,0.3146703111787965,0,201,986,Salt and Pepper p=0.1 r=0
601,0.31382459758562653,1,201,986,Salt and Pepper p=0.1 r=0
602,0.31369866043028277,2,201,986,Salt and Pepper p=0.1 r=0
603,0.31373518903576036,3,201,986,Salt and Pepper p=0.1 r=0
604,0.3135464951456657,4,201,986,Salt and Pepper p=0.1 r=0
605,0.35250995547658204,0,201,986,Salt and Pepper p=0.1 r=0.5
606,0.3540548502151511,1,201,986,Salt and Pepper p=0.1 r=0.5
607,0.3529156904748465,2,201,986,Salt and Pepper p=0.1 r=0.5
608,0.35353245748766576,3,201,986,Salt and Pepper p=0.1 r=0.5
609,0.35253880583941727,4,201,986,Salt and Pepper p=0.1 r=0.5
610,0.3897628487583797,0,201,986,Salt and Pepper p=0.1 r=1
611,0.38837422808392585,1,201,986,Salt and Pepper p=0.1 r=1
612,0.38840443426046967,2,201,986,Salt and Pepper p=0.1 r=1
613,0.3931807160199486,3,201,986,Salt and Pepper p=0.1 r=1
614,0.38882375042855827,4,201,986,Salt and Pepper p=0.1 r=1
615,0.546686914015573,0,201,986,Salt and Pepper p=0.3 r=0
616,0.5475091031450683,1,201,986,Salt and Pepper p=0.3 r=0
617,0.5477825629594286,2,201,986,Salt and Pepper p=0.3 r=0
618,0.5467980183888875,3,201,986,Salt and Pepper p=0.3 r=0
619,0.5467899451635119,4,201,986,Salt and Pepper p=0.3 r=0
620,0.6124827386938175,0,201,986,Salt and Pepper p=0.3 r=0.5
621,0.61221472535215,1,201,986,Salt and Pepper p=0.3 r=0.5
622,0.6121583618085362,2,201,986,Salt and Pepper p=0.3 r=0.5
623,0.6106563439851456,3,201,986,Salt and Pepper p=0.3 r=0.5
624,0.6133189276705829,4,201,986,Salt and Pepper p=0.3 r=0.5
625,0.673007032568869,0,201,986,Salt and Pepper p=0.3 r=1
626,0.669518428735351,1,201,986,Salt and Pepper p=0.3 r=1
627,0.6680512755000265,2,201,986,Salt and Pepper p=0.3 r=1
628,0.6766064208685395,3,201,986,Salt and Pepper p=0.3 r=1
629,0.6734951453274894,4,201,986,Salt and Pepper p=0.3 r=1
630,0.707939735154408,0,201,986,Salt and Pepper p=0.5 r=0
631,0.7067286518515331,1,201,986,Salt and Pepper p=0.5 r=0
632,0.7077633792842324,2,201,986,Salt and Pepper p=0.5 r=0
633,0.7061472135493363,3,201,986,Salt and Pepper p=0.5 r=0
634,0.7069370122658715,4,201,986,Salt and Pepper p=0.5 r=0
635,0.7897679738220532,0,201,986,Salt and Pepper p=0.5 r=0.5
636,0.7897821286308196,1,201,986,Salt and Pepper p=0.5 r=0.5
637,0.7927746215330249,2,201,986,Salt and Pepper p=0.5 r=0.5
638,0.791651263417295,3,201,986,Salt and Pepper p=0.5 r=0.5
639,0.7923283565090997,4,201,986,Salt and Pepper p=0.5 r=0.5
640,0.8689014804930576,0,201,986,Salt and Pepper p=0.5 r=1
641,0.864738215352446,1,201,986,Salt and Pepper p=0.5 r=1
642,0.8668060346670892,2,201,986,Salt and Pepper p=0.5 r=1
643,0.8704614845078857,3,201,986,Salt and Pepper p=0.5 r=1
644,0.8711863837862467,4,201,986,Salt and Pepper p=0.5 r=1
645,0.8369270969546035,0,201,986,Salt and Pepper p=0.7 r=0
646,0.836719136707359,1,201,986,Salt and Pepper p=0.7 r=0
647,0.8370886523610049,2,201,986,Salt and Pepper p=0.7 r=0
648,0.8364333668652798,3,201,986,Salt and Pepper p=0.7 r=0
649,0.8372326876825767,4,201,986,Salt and Pepper p=0.7 r=0
650,0.9375417258174744,0,201,986,Salt and Pepper p=0.7 r=0.5
651,0.9352617718461912,1,201,986,Salt and Pepper p=0.7 r=0.5
652,0.9340823973949642,2,201,986,Salt and Pepper p=0.7 r=0.5
653,0.9377953595751372,3,201,986,Salt and Pepper p=0.7 r=0.5
654,0.9382915537217299,4,201,986,Salt and Pepper p=0.7 r=0.5
655,1.0271123534289042,0,201,986,Salt and Pepper p=0.7 r=1
656,1.024258290395464,1,201,986,Salt and Pepper p=0.7 r=1
657,1.027501218834621,2,201,986,Salt and Pepper p=0.7 r=1
658,1.0302319283810735,3,201,986,Salt and Pepper p=0.7 r=1
659,1.0235180771411345,4,201,986,Salt and Pepper p=0.7 r=1
660,0.9483347126910475,0,201,986,Salt and Pepper p=0.9 r=0
661,0.9486076013777335,1,201,986,Salt and Pepper p=0.9 r=0
662,0.9487652386947448,2,201,986,Salt and Pepper p=0.9 r=0
663,0.948846064080123,3,201,986,Salt and Pepper p=0.9 r=0
664,0.9485729876606928,4,201,986,Salt and Pepper p=0.9 r=0
665,1.0624943345107802,0,201,986,Salt and Pepper p=0.9 r=0.5
666,1.062452520145223,1,201,986,Salt and Pepper p=0.9 r=0.5
667,1.0623445692410303,2,201,986,Salt and Pepper p=0.9 r=0.5
668,1.0635853139640163,3,201,986,Salt and Pepper p=0.9 r=0.5
669,1.0586284969051012,4,201,986,Salt and Pepper p=0.9 r=0.5
670,1.1620304897203162,0,201,986,Salt and Pepper p=0.9 r=1
671,1.1678197188430792,1,201,986,Salt and Pepper p=0.9 r=1
672,1.1633496177124583,2,201,986,Salt and Pepper p=0.9 r=1
673,1.1656977052498736,3,201,986,Salt and Pepper p=0.9 r=1
674,1.1679972596592794,4,201,986,Salt and Pepper p=0.9 r=1
675,0.3164354171628409,0,201,1110,Salt and Pepper p=0.1 r=0
676,0.3168730704565554,1,201,1110,Salt and Pepper p=0.1 r=0
677,0.316859531652663,2,201,1110,Salt and Pepper p=0.1 r=0
678,0.316217606053803,3,201,1110,Salt and Pepper p=0.1 r=0
679,0.3153063014634385,4,201,1110,Salt and Pepper p=0.1 r=0
680,0.3537533169142096,0,201,1110,Salt and Pepper p=0.1 r=0.5
681,0.35436326244645927,1,201,1110,Salt and Pepper p=0.1 r=0.5
682,0.35409128958027003,2,201,1110,Salt and Pepper p=0.1 r=0.5
683,0.35519377119574297,3,201,1110,Salt and Pepper p=0.1 r=0.5
684,0.35431323034000717,4,201,1110,Salt and Pepper p=0.1 r=0.5
685,0.38880037702340287,0,201,1110,Salt and Pepper p=0.1 r=1
686,0.38578950675992446,1,201,1110,Salt and Pepper p=0.1 r=1
687,0.3866154186055056,2,201,1110,Salt and Pepper p=0.1 r=1
688,0.38944148263469175,3,201,1110,Salt and Pepper p=0.1 r=1
689,0.3873931913459994,4,201,1110,Salt and Pepper p=0.1 r=1
690,0.5477857762494523,0,201,1110,Salt and Pepper p=0.3 r=0
691,0.5480556174534992,1,201,1110,Salt and Pepper p=0.3 r=0
692,0.5478726832192514,2,201,1110,Salt and Pepper p=0.3 r=0
693,0.5480847165893366,3,201,1110,Salt and Pepper p=0.3 r=0
694,0.5472555843985877,4,201,1110,Salt and Pepper p=0.3 r=0
695,0.613329742345166,0,201,1110,Salt and Pepper p=0.3 r=0.5
696,0.6157359803305853,1,201,1110,Salt and Pepper p=0.3 r=0.5
697,0.6127297708271068,2,201,1110,Salt and Pepper p=0.3 r=0.5
698,0.6116488272295921,3,201,1110,Salt and Pepper p=0.3 r=0.5
699,0.6132406516418906,4,201,1110,Salt and Pepper p=0.3 r=0.5
700,0.6669839400238705,0,201,1110,Salt and Pepper p=0.3 r=1
701,0.6734937204886576,1,201,1110,Salt and Pepper p=0.3 r=1
702,0.6746235751734384,2,201,1110,Salt and Pepper p=0.3 r=1
703,0.6721554328962128,3,201,1110,Salt and Pepper p=0.3 r=1
704,0.6722424590661035,4,201,1110,Salt and Pepper p=0.3 r=1
705,0.7077539292070565,0,201,1110,Salt and Pepper p=0.5 r=0
706,0.7070702920064421,1,201,1110,Salt and Pepper p=0.5 r=0
707,0.7070117632724205,2,201,1110,Salt and Pepper p=0.5 r=0
708,0.7067742277287535,3,201,1110,Salt and Pepper p=0.5 r=0
709,0.7072760073106785,4,201,1110,Salt and Pepper p=0.5 r=0
710,0.7916371755249128,0,201,1110,Salt and Pepper p=0.5 r=0.5
711,0.7935785370597097,1,201,1110,Salt and Pepper p=0.5 r=0.5
712,0.7898800561414974,2,201,1110,Salt and Pepper p=0.5 r=0.5
713,0.7879132634888769,3,201,1110,Salt and Pepper p=0.5 r=0.5
714,0.7909043034004271,4,201,1110,Salt and Pepper p=0.5 r=0.5
715,0.8675230960680503,0,201,1110,Salt and Pepper p=0.5 r=1
716,0.8650123011318129,1,201,1110,Salt and Pepper p=0.5 r=1
717,0.8666139172086699,2,201,1110,Salt and Pepper p=0.5 r=1
718,0.8686908650730165,3,201,1110,Salt and Pepper p=0.5 r=1
719,0.8717138095503805,4,201,1110,Salt and Pepper p=0.5 r=1
720,0.8368664747004851,0,201,1110,Salt and Pepper p=0.7 r=0
721,0.8365221997032881,1,201,1110,Salt and Pepper p=0.7 r=0
722,0.8363323633151891,2,201,1110,Salt and Pepper p=0.7 r=0
723,0.8364487650507239,3,201,1110,Salt and Pepper p=0.7 r=0
724,0.836599271374662,4,201,1110,Salt and Pepper p=0.7 r=0
725,0.9359149258534513,0,201,1110,Salt and Pepper p=0.7 r=0.5
726,0.9397456329704208,1,201,1110,Salt and Pepper p=0.7 r=0.5
727,0.9356244617965058,2,201,1110,Salt and Pepper p=0.7 r=0.5
728,0.9358896517188418,3,201,1110,Salt and Pepper p=0.7 r=0.5
729,0.9361718854040473,4,201,1110,Salt and Pepper p=0.7 r=0.5
730,1.0337450700679016,0,201,1110,Salt and Pepper p=0.7 r=1
731,1.02920825203956,1,201,1110,Salt and Pepper p=0.7 r=1
732,1.0290950271958252,2,201,1110,Salt and Pepper p=0.7 r=1
733,1.0304126924068573,3,201,1110,Salt and Pepper p=0.7 r=1
734,1.0290894429100454,4,201,1110,Salt and Pepper p=0.7 r=1
735,0.9485239546809281,0,201,1110,Salt and Pepper p=0.9 r=0
736,0.9484079262599127,1,201,1110,Salt and Pepper p=0.9 r=0
737,0.9488861088025375,2,201,1110,Salt and Pepper p=0.9 r=0
738,0.9490523756626678,3,201,1110,Salt and Pepper p=0.9 r=0
739,0.948841659446231,4,201,1110,Salt and Pepper p=0.9 r=0
740,1.0622692217964358,0,201,1110,Salt and Pepper p=0.9 r=0.5
741,1.0644120244316102,1,201,1110,Salt and Pepper p=0.9 r=0.5
742,1.0657731946478721,2,201,1110,Salt and Pepper p=0.9 r=0.5
743,1.0638834596667286,3,201,1110,Salt and Pepper p=0.9 r=0.5
744,1.0613371524689437,4,201,1110,Salt and Pepper p=0.9 r=0.5
745,1.1674138325777506,0,201,1110,Salt and Pepper p=0.9 r=1
746,1.1616491621515845,1,201,1110,Salt and Pepper p=0.9 r=1
747,1.1660757335147254,2,201,1110,Salt and Pepper p=0.9 r=1
748,1.1650523672112514,3,201,1110,Salt and Pepper p=0.9 r=1
749,1.167535923557849,4,201,1110,Salt and Pepper p=0.9 r=1
